user_name,adress,longitude,latitude,user_url
Da·Peng、,[''],坐标为空,坐标为空,https://www.qiushibaike.com/users/31836729/
我是煮茶,"['广东', '深圳']",114.057868,22.543099,https://www.qiushibaike.com/users/33491754/
低调、、、*,['未知'],坐标为空,坐标为空,https://www.qiushibaike.com/users/26875982/
【天悦】,"['黑龙江', '哈尔滨']",126.534967,45.803775,https://www.qiushibaike.com/users/39805878/
苦逼苦逼的郁闷,"['河北', '邢台']",114.504844,37.070589,https://www.qiushibaike.com/users/22788013/
半夜提枪就,"['湖北', '荆州']",112.239741,30.335165,https://www.qiushibaike.com/users/37883273/
鑫爷six,"['贵州', '遵义']",106.927389,27.725654,https://www.qiushibaike.com/users/37639716/
孙魔邪,"['广西', '南宁']",108.366543,22.817002,https://www.qiushibaike.com/users/39909372/
深圳南玻伟光,[''],坐标为空,坐标为空,https://www.qiushibaike.com/users/5443405/
梓晨爸,"['四川', '德阳']",104.397894,31.126855,https://www.qiushibaike.com/users/21624565/
吃了两碗又盛,"['黑龙江', '佳木斯']",130.318917,46.799922,https://www.qiushibaike.com/users/32215536/
我是煮茶,"['广东', '深圳']",114.057868,22.543099,https://www.qiushibaike.com/users/33491754/
